"氏名","ふりがな","氏名ふりがな"
"杉本ゆう","すぎもとゆう","杉本ゆう（すぎもとゆう）"
"さの智恵子","さのちえこ","さの智恵子（さのちえこ）"
"浅子けい子","あさこけいこ","浅子けい子（あさこけいこ）"
"小泉ひろし","こいずみひろし","小泉ひろし（こいずみひろし）"
"工藤哲也","くどうてつや","工藤哲也（くどうてつや）"
"ぬかが和子","ぬかがかずこ","ぬかが和子（ぬかがかずこ）"
"はたの昭彦","はたのあきひこ","はたの昭彦（はたのあきひこ）"
"松丸まこと","まつまるまこと","松丸まこと（まつまるまこと）"
"藤沼壮次","ふじぬまそうつぎ","藤沼壮次（ふじぬまそうつぎ）"
"米山やすし","よねやまやすし","米山やすし（よねやまやすし）"
"馬場信男","ばばのぶお","馬場信男（ばばのぶお）"
"渕上隆","ふちがみたかし","渕上隆（ふちがみたかし）"
"古性重則","ふるしょうしげのり","古性重則（ふるしょうしげのり）"
"かねだ正","かねだせい","かねだ正（かねだせい）"
"吉岡茂","よしおかしげる","吉岡茂（よしおかしげる）"
"おぐら修平","おぐらしゅうへい","おぐら修平（おぐらしゅうへい）"
"佐々木まさひこ","ささきまさひこ","佐々木まさひこ（ささきまさひこ）"
"銀川ゆい子","ぎんせんゆいこ","銀川ゆい子（ぎんせんゆいこ）"
"くぼた美幸","くぼたみゆき","くぼた美幸（くぼたみゆき）"
"ただ太郎","ただたろう","ただ太郎（ただたろう）"
"鴨下稔","かもしたみのる","鴨下稔（かもしたみのる）"
"渡辺ひであき","わたなべひであき","渡辺ひであき（わたなべひであき）"
"岡安たかし","おかやすたかし","岡安たかし（おかやすたかし）"
"長澤興祐","ながさわきょうすけ","長澤興祐（ながさわきょうすけ）"
"吉田こうじ","よしだこうじ","吉田こうじ（よしだこうじ）"
"水野あゆみ","みずのあゆみ","水野あゆみ（みずのあゆみ）"
"中島こういちろう","なかじまこういちろう","中島こういちろう（なかじまこういちろう）"
"鹿浜昭","しかはまあきら","鹿浜昭（しかはまあきら）"
"白石正輝","しろいしまさき","白石正輝（しろいしまさき）"
"鈴木あきら","すずきあきら","鈴木あきら（すずきあきら）"
"しぶや竜一","しぶやりゅういち","しぶや竜一（しぶやりゅういち）"
"針谷みきお","はりやみきお","針谷みきお（はりやみきお）"
"前野和男","まえのかずお","前野和男（まえのかずお）"
"横田ゆう","よこたゆう","横田ゆう（よこたゆう）"
"にたない和","にたないわ","にたない和（にたないわ）"
"うすい浩一","うすいこういち","うすい浩一（うすいこういち）"
"たがた直昭","たがたなおあき","たがた直昭（たがたなおあき）"
"高山のぶゆき","こうざんのぶゆき","高山のぶゆき（こうざんのぶゆき）"
"せぬま剛","せぬまつよし","せぬま剛（せぬまつよし）"
"長井まさのり","ながいまさのり","長井まさのり（ながいまさのり）"
"へんみ圭二","へんみけいじ","へんみ圭二（へんみけいじ）"
"新井ひでお","あらいひでお","新井ひでお（あらいひでお）"
"くじらい実","くじらいみ","くじらい実（くじらいみ）"
"長谷川たかこ","はせがわたかこ","長谷川たかこ（はせがわたかこ）"
"くじらい光治","くじらいこうじ","くじらい光治（くじらいこうじ）"
"石毛かずあき","いしげかずあき","石毛かずあき（いしげかずあき）"
"土屋のりこ","つちやのりこ","土屋のりこ（つちやのりこ）"
"西の原えみ子","にしのはらえみこ","西の原えみ子（にしのはらえみこ）"
"市川おさと","いちかわおさと","市川おさと（いちかわおさと）"
"いいくら昭二","いいくらしょうじ","いいくら昭二（いいくらしょうじ）"
"きたがわ秀和","きたがわしゅうわ","きたがわ秀和（きたがわしゅうわ）"
"長澤こうすけ","ながさわこうすけ","長澤こうすけ（ながさわこうすけ）"
"伊藤のぶゆき","いとうのぶゆき","伊藤のぶゆき（いとうのぶゆき）"
"大竹さよこ","おおたけさよこ","大竹さよこ（おおたけさよこ）"
"鈴木けんいち","すずきけんいち","鈴木けんいち（すずきけんいち）"
"山中ちえ子","さんちゅうちえこ","山中ちえ子（さんちゅうちえこ）"
